"","chave","valor"
"1","lambda_min","0.00169561747363277"
"2","lambda_1se","0.00684523699613684"
"3","exp(lambda_1se)","1.0068687191807"
"4","porcentagem_acerto","0.569502074688797"
