"","chave","valor"
"1","lambda_min","0.000780447845466804"
"2","lambda_1se","0.00962172579337428"
"3","exp(lambda_1se)","1.00966816341418"
"4","porcentagem_acerto","0.568464730290456"
