"","Estimate","Std. Error","z value","Pr(>|z|)"
"(Intercept)",-0.5523046238865,0.184744183735502,-2.98956434091172,0.00279375601634968
"Elevation",0.00150926666813121,0.000228761092133512,6.59756715643916,4.17959385942759e-11
"Hydrography",4.56821329316733e-05,2.41354799774576e-05,1.89273770293112,0.058392759811002
"NDVI",-1.66799007608185,0.267899928830235,-6.22616841805446,4.77980249336308e-10
"Pop_Density",-0.000652112649770264,0.00096566212177332,-0.675301055169006,0.499484513683436
"Road",0.000138871194623269,1.13605658562399e-05,12.2239680998806,2.31502680791554e-34
"Slope",-0.00208330791454017,0.000453216163270721,-4.59672024824883,4.29193255302644e-06
