"","(Intercept)","`Wind Speed`","RH","Temperature","Precipitation"
"full",-1.88649982652488,0.163529551511154,-1.44342771816603,0.268646614362083,0.056124628521787
"subset",-1.88649982652488,0.163529551511154,-1.44342771816603,0.268646614362083,0.129193149816037
