"","(Intercept)","DC","DMC","FMC","Precipitation","RH","Temperature","`Wind Speed`"
"full",-1.88884720019293,0.516244012035806,0.116561883936528,-0.202781239193315,-0.385974961475582,-0.906251144737273,0.31385149129117,0.0177477003800353
"subset",-1.88884720019293,0.516244012035806,0.141266907337586,-0.34800676227315,-0.432108319093474,-0.906251144737273,0.31385149129117,0.0477688955533577
