"","(Intercept)","Elevation","Hydrography","LULC4","LULC9","LULC12","LULC15","LULC25","LULC41","NDVI","Pop_dens","Road","Slope"
"full",0.487126700925638,0.0350738221314778,-0.136119361857067,-0.400709845355133,-0.756984388541174,-0.779354718442762,-0.691352125881871,-0.613802210912681,-1.43217765123546,-0.245115321538107,0.200327244284163,0.100656139344661,-0.0110676759863835
"subset",0.487126700925638,0.0476383685266547,-0.136119361857067,-0.400709845355133,-0.756984388541174,-0.779354718442762,-0.691352125881871,-0.613802210912681,-1.43217765123546,-0.245115321538107,0.200327244284163,0.100656139344661,-0.0244010122943693
