"","(Intercept)","Elevation","Hydrography","Ocupations","Road","Slope","Pop_dens","NDVI"
"full",-0.0239746295289561,-0.20427226215557,-0.27643777089681,-0.581247460896547,-0.0755622353360395,-0.458935025384566,-0.018207350899778,0.0119731824614869
"subset",-0.0239746295289561,-0.20427226215557,-0.27643777089681,-0.581247460896547,-0.0962910293069646,-0.458935025384566,-0.0525113902432738,0.0380950420645069
