"","(Intercept)","Elevation","Hydrography","Pop_dens","Road","Slope","NDVI"
"full",-0.0054456564829198,-0.334222106031627,-0.348278163803808,0.200392867272317,-0.203826441789485,-0.437237084586655,-0.0108491846208707
"subset",-0.0054456564829198,-0.334222106031627,-0.348278163803808,0.200392867272317,-0.203826441789485,-0.437237084586655,-0.0338094975819496
