"","chave","valor"
"1","lambda_min","0.00340656891575002"
"2","lambda_1se","0.0181798336853812"
"3","exp(lambda_1se)","1.01834609285492"
"4","porcentagem_acerto","0.555522476927657"
