"","chave","valor"
"1","lambda_min","0.0020348950940701"
"2","lambda_1se","0.0130804544280188"
"3","exp(lambda_1se)","1.01316637780224"
"4","porcentagem_acerto","0.572491813039595"
