"","Estimate","Std. Error","z value","Pr(>|z|)"
"(Intercept)",-0.526036079158247,0.134612875190694,-3.90776943448433,9.31521357252095e-05
"Hydrography",-0.000114894256058735,2.04740174746568e-05,-5.61171036417027,2.00336551925903e-08
"LULC",0.148686725888641,0.0231357561982718,6.42670698179936,1.30397829861203e-10
"NDVI",-0.379057812079481,0.234666800664032,-1.6153022541189,0.106245255755514
"Pop_Density",0.237097709024075,0.0252555910540573,9.38792952881558,6.11912502202986e-21
"Road",2.22872440332895e-05,4.73689241186056e-06,4.70503488267649,2.53822551209617e-06
