"","chave","valor"
"1","lambda_min","0.00173268753578621"
"2","lambda_1se","0.0213613817396866"
"3","exp(lambda_1se)","1.02159116933134"
"4","porcentagem_acerto","0.681257014590348"
