"","chave","valor"
"1","lambda_min","0.00157955342075978"
"2","lambda_1se","0.0177435031491494"
"3","exp(lambda_1se)","1.01790185428263"
"4","porcentagem_acerto","0.676767676767677"
